_stratum,n_s,n_0,n_1,w0_typical
intronic|q1|t2,1328,869,459,1.446623093681917
intronic|q1|t1,1279,1035,244,2.6209016393442623
intronic|q1|t0,1256,1123,133,4.7218045112781954
intronic|q0|t0,1210,1154,56,10.803571428571429
intronic|q2|t2,1170,709,461,1.2689804772234274
intronic|q2|t0,1154,1007,147,3.925170068027211
intronic|q2|t1,1145,874,271,2.1125461254612548
intronic|q4|t0,1124,1029,95,5.91578947368421
intronic|q4|t1,1117,945,172,3.247093023255814
intronic|q0|t1,1090,998,92,5.923913043478261
intronic|q0|t2,1069,861,208,2.5697115384615383
intronic|q3|t1,1010,792,218,2.31651376146789
intronic|q4|t2,998,757,241,2.070539419087137
intronic|q3|t0,980,862,118,4.1525423728813555
intronic|q3|t2,963,653,310,1.553225806451613
exonic|q4|t0,289,257,32,4.515625
exonic|q4|t1,266,211,55,2.418181818181818
exonic|q4|t2,261,147,114,1.144736842105263
exonic|q2|t2,171,91,80,1.06875
exonic|q1|t2,163,102,61,1.3360655737704918
exonic|q0|t2,148,129,19,3.8947368421052633
exonic|q3|t2,141,81,60,1.175
exonic|q3|t1,138,101,37,1.864864864864865
exonic|q1|t1,129,101,28,2.3035714285714284
exonic|q2|t1,124,89,35,1.7714285714285714
exonic|q3|t0,108,93,15,3.6
