model,seed,panel,n,prevalence,average_precision,auroc,log_loss,brier
B0,,P1,3878,0.19443,0.19443011861784426,0.5,0.4926020155624539,0.1566329490049794
B0,,P2,1504,0.5,0.5,0.5,0.9222454968856953,0.3418942227630875
B1,,P1,3878,0.19443,0.925887895874878,0.9664259671848306,0.16637783033707135,0.04367397258074086
B1,,P2,1504,0.5,0.96919335822518,0.9627067182548664,0.30577597498170045,0.08380472140288894
B1d,,P1,3878,0.19443,0.9448131219888563,0.9739710871935252,0.1351901088240659,0.03413274631624586
B1d,,P2,1504,0.5,0.9757347264542361,0.9704299173834314,0.2490711027168706,0.06501628731886938
B2,,P1,3878,0.19443,0.9527953968153344,0.9819800160985203,0.12131889838088385,0.032067441253704664
B2,,P2,1504,0.5,0.9777497395508402,0.9748931926210955,0.2267553889060423,0.06297958227112338
B3,,P1,3878,0.19443,0.9537964801860941,0.9798666607797254,0.11892854911819255,0.031020749163085625
B3,,P2,1504,0.5,0.9817375551938103,0.9774979487324581,0.22389162717376884,0.058995885647002616
B4,,P1,3878,0.19443,0.683627978214393,0.8656671461127508,0.3261348066878747,0.0981002409203724
B4,,P2,1504,0.5,0.8733246592670283,0.8646870755998189,0.6000615063243613,0.19537087748256457
C0,101.0,P1,3878,0.19443,0.9655916042200399,0.9857741214589198,1.175016152886824,0.038772562513772875
C0,101.0,P2,1504,0.5,0.9877651258280192,0.9851654453372566,1.2826577366316232,0.042517946733560366
C0,17.0,P1,3878,0.19443,0.959307577220846,0.9841337026256889,0.9873812223726777,0.033736122314718016
C0,17.0,P2,1504,0.5,0.9847856550619977,0.9824262958352196,1.8092547720974426,0.05832627485226184
C0,29.0,P1,3878,0.19443,0.9651108310168901,0.9849853279309325,1.2380036854265946,0.041478430003191014
C0,29.0,P2,1504,0.5,0.9877423021751679,0.9843467066545948,1.4183403146106284,0.04686790839767415
C0,43.0,P1,3878,0.19443,0.9618159632551784,0.9832094811453723,1.5599995466582717,0.051400497418436775
C0,43.0,P2,1504,0.5,0.9860056399467633,0.9825748358985966,1.605076662007149,0.05281940721666238
C0,71.0,P1,3878,0.19443,0.964561999560115,0.9852833543338643,0.9268329090319739,0.029999589476595135
C0,71.0,P2,1504,0.5,0.9877287087758007,0.9848453768673607,1.8946976208701294,0.058708514466813536
C1,101.0,P1,3878,0.19443,0.9651637981121042,0.9858904451546512,1.1183418551881352,0.036490565921057906
C1,101.0,P2,1504,0.5,0.9878608665082055,0.9854660621321866,1.3638730744994134,0.042117425956763106
C1,17.0,P1,3878,0.19443,0.9602038729878528,0.9837630800476842,0.9821155192868236,0.03188039479854169
C1,17.0,P2,1504,0.5,0.9866458134910039,0.9836446780217292,1.949686015160429,0.06279746246075676
C1,29.0,P1,3878,0.19443,0.9651888770435413,0.9853173174567056,1.145710918607353,0.03791221744366648
C1,29.0,P2,1504,0.5,0.987322586994045,0.9843484749886826,1.4877265573060838,0.04880768518213802
C1,43.0,P1,3878,0.19443,0.9609993233772258,0.9833381164731334,0.8709812434570751,0.02968508483998115
C1,43.0,P2,1504,0.5,0.9864795426912902,0.9832061311679494,1.6562023792970637,0.05435461281052015
C1,71.0,P1,3878,0.19443,0.9634657746818354,0.9860054952332756,0.9121922659938446,0.030348732793355492
C1,71.0,P2,1504,0.5,0.9869946228225582,0.9854395371208692,1.6062509593186842,0.05364618030574539
