seed,condition,best_epoch,validation_average_precision,validation_log_loss,n_parameters,n_updates,seconds,reload_max_abs_logit_diff
17,C0,1,0.951162500208739,0.12996435165405273,13857,4530,312.04,0.0
17,C1,1,0.9503833910928456,0.12136329710483551,13857,4530,305.72,0.0
29,C0,1,0.9519483761557772,0.1883271485567093,13857,4530,307.04,0.0
29,C1,1,0.9556466870888591,0.15450230240821838,13857,4530,298.08,0.0
43,C0,1,0.9520284871733794,0.20774880051612854,13857,4530,294.9,0.0
43,C1,1,0.9551572667561644,0.11780636757612228,13857,4530,297.04,0.0
71,C0,1,0.9521174152841989,0.12834542989730835,13857,4530,296.81,0.0
71,C1,1,0.9549790053567662,0.12251078337430954,13857,4530,294.42,0.0
101,C0,1,0.956556224204165,0.17997634410858154,13857,4530,294.32,0.0
101,C1,1,0.9569635019598699,0.16156604886054993,13857,4530,296.19,0.0
